Tamanho;Tempo
10;.00000513
100;.00019795
1000;.02691845
10000;3.12918417
100000;323.58055131
