N_Execucao,Tamanho,Tempo_Execucao
1,100;0.000015
2,100;0.000015
3,100;0.000015
4,100;0.000026
5,100;0.000013
6,100;0.000015
7,100;0.000011
8,100;0.000011
9,100;0.000012
10,100;0.000022
